{
    "logEnabled": true,
    "firmwareUploadEnabled": true,
    "updateInterval": 1000,
    "widgets": [
        {
            "name": "Line Widget",
            "x": 0,
            "y": 5,
            "w": 3,
            "minW": 3,
            "minH": 5,
            "h": 5,
            "id": "mhp4njxocli3le9lp9v",
            "type": "line_widget",
            "screen": 0,
            "variable": "counter_maq_parada",
            "label": "Tempo Máquina parada (s)",
            "min": 0,
            "max": 100,
            "linkType": "variable"
        },
        {
            "name": "Switch Widget",
            "x": 4,
            "y": 5,
            "w": 3,
            "minW": 2,
            "minH": 3,
            "h": 3,
            "id": "mhp4sh20qt816pczsbm",
            "type": "switch_widget",
            "screen": 0,
            "variable": "maq_parada",
            "label": "Status Máquina",
            "offValue": 0,
            "onValue": 1,
            "offLabel": "OFF",
            "onLabel": "ON",
            "linkType": "variable"
        },
        {
            "name": "Card Widget",
            "x": 4,
            "y": 0,
            "w": 3,
            "minW": 2,
            "minH": 3,
            "h": 5,
            "id": "mhp4tjm4jx41x41sr1",
            "type": "card_widget",
            "screen": 0,
            "variable": "soma_caixa",
            "label": "Quantidade Caixas",
            "decimalPlaces": 0,
            "linkType": "variable"
        },
        {
            "name": "Gauge Widget",
            "x": 0,
            "y": 0,
            "w": 3,
            "minW": 3,
            "minH": 4,
            "h": 4,
            "id": "mhp5ryqw7xpcf2dtgcw",
            "type": "gauge_widget",
            "screen": 0,
            "variable": "counter_maq_parada",
            "label": "Contagem de Peças",
            "min": 0,
            "max": 4,
            "decimalPlaces": 0,
            "linkType": "variable"
        },
        {
            "name": "Card Widget",
            "x": 0,
            "y": 10,
            "w": 2,
            "minW": 2,
            "minH": 3,
            "h": 3,
            "id": "mi69umjccoq7tovcnsa",
            "type": "card_widget",
            "screen": 0,
            "variable": "hora",
            "label": "Tempo máquina parada",
            "decimalPlaces": 0,
            "linkType": "variable"
        },
        {
            "name": "Card Widget",
            "x": 2,
            "y": 10,
            "w": 2,
            "minW": 2,
            "minH": 3,
            "h": 3,
            "id": "mi69vh3005jwnvy8fkfw",
            "type": "card_widget",
            "screen": 0,
            "variable": "minuto",
            "label": "",
            "decimalPlaces": 0,
            "linkType": "variable"
        },
        {
            "name": "Card Widget",
            "x": 4,
            "y": 10,
            "w": 2,
            "minW": 2,
            "minH": 3,
            "h": 3,
            "id": "mi69w2auwr9f0a38hc",
            "type": "card_widget",
            "screen": 0,
            "variable": "segundo",
            "label": "",
            "decimalPlaces": 0,
            "linkType": "variable"
        }
    ],
    "widgetColumns": 10,
    "settings": [
        {
            "id": "group2",
            "name": "General",
            "type": "group"
        }
    ],
    "appName": "OEE_Production",
    "appVersion": "1.0.1",
    "appId": "690bb178e1bdd3c135b0220e",
    "tables": [
        {
            "name": "LOG",
            "maxRecords": 200,
            "tableStructure": "L",
            "keyFields": 0,
            "comment": "",
            "fields": [
                {
                    "name": "timestamp",
                    "fieldType": "E",
                    "p1": 0,
                    "p2": 2147483647,
                    "displayName": "timestamp",
                    "fieldDefault": ""
                },
                {
                    "name": "value",
                    "fieldType": "S",
                    "p1": 0,
                    "p2": 122,
                    "displayName": "value",
                    "fieldDefault": ""
                }
            ]
        },
        {
            "name": "product_data",
            "maxRecords": 1000,
            "tableStructure": "T",
            "keyFields": 0,
            "comment": "",
            "fields": [
                {
                    "name": "data_hora",
                    "fieldType": "E",
                    "p1": 0,
                    "p2": 2147483647,
                    "displayName": "data_hora",
                    "fieldDefault": ""
                },
                {
                    "name": "caixa",
                    "fieldType": "F",
                    "p1": 0,
                    "p2": 2147483647,
                    "displayName": "caixa",
                    "fieldDefault": "0"
                },
                {
                    "name": "s_n",
                    "fieldType": "S",
                    "p1": 0,
                    "p2": 50,
                    "displayName": "s_n",
                    "fieldDefault": ""
                }
            ]
        }
    ],
    "title": "Device Console"
}